# SYNTHETISCH: plausible, aber erfundene Monatsschlusskurse (Zufallspfad mit festem Startwert).
# Keine echten Marktdaten. Echte Kurse kommen zu M4 über Twelve Data (AUFTRAG.md, Abschnitt 18).
symbol,month,close
ACWI,2015-01,57.0000
ACWI,2015-02,56.8971
ACWI,2015-03,54.1174
ACWI,2015-04,55.6264
ACWI,2015-05,55.8364
ACWI,2015-06,55.5838
ACWI,2015-07,55.2049
ACWI,2015-08,54.2589
ACWI,2015-09,52.7692
ACWI,2015-10,56.2353
ACWI,2015-11,55.0582
ACWI,2015-12,52.4812
ACWI,2016-01,50.8635
ACWI,2016-02,54.1478
ACWI,2016-03,55.1146
ACWI,2016-04,56.8779
ACWI,2016-05,58.5319
ACWI,2016-06,54.9764
ACWI,2016-07,52.5633
ACWI,2016-08,51.1854
ACWI,2016-09,49.6460
ACWI,2016-10,48.0849
ACWI,2016-11,48.9046
ACWI,2016-12,47.0392
ACWI,2017-01,49.0109
ACWI,2017-02,50.4347
ACWI,2017-03,49.7752
ACWI,2017-04,52.3299
ACWI,2017-05,54.9171
ACWI,2017-06,54.0626
ACWI,2017-07,52.4847
ACWI,2017-08,55.3304
ACWI,2017-09,62.1392
ACWI,2017-10,63.9115
ACWI,2017-11,66.4195
ACWI,2017-12,66.0788
ACWI,2018-01,72.3933
ACWI,2018-02,75.3458
ACWI,2018-03,77.9376
ACWI,2018-04,78.1426
ACWI,2018-05,78.2712
ACWI,2018-06,83.0565
ACWI,2018-07,87.5740
ACWI,2018-08,83.1510
ACWI,2018-09,82.5032
ACWI,2018-10,79.2345
ACWI,2018-11,80.2208
ACWI,2018-12,81.0631
ACWI,2019-01,80.0184
ACWI,2019-02,80.3322
ACWI,2019-03,78.1740
ACWI,2019-04,77.6708
ACWI,2019-05,81.9300
ACWI,2019-06,77.6552
ACWI,2019-07,78.8232
ACWI,2019-08,81.7842
ACWI,2019-09,77.7595
ACWI,2019-10,71.7197
ACWI,2019-11,71.0010
ACWI,2019-12,70.9626
ACWI,2020-01,68.7070
ACWI,2020-02,69.4368
ACWI,2020-03,72.5023
ACWI,2020-04,68.4660
ACWI,2020-05,69.1225
ACWI,2020-06,69.3360
ACWI,2020-07,75.2648
ACWI,2020-08,77.7689
ACWI,2020-09,78.8876
ACWI,2020-10,78.2104
ACWI,2020-11,76.7531
ACWI,2020-12,71.7547
ACWI,2021-01,71.3470
ACWI,2021-02,74.2024
ACWI,2021-03,73.3080
ACWI,2021-04,68.7878
ACWI,2021-05,70.7595
ACWI,2021-06,70.2778
ACWI,2021-07,70.6518
ACWI,2021-08,69.9415
ACWI,2021-09,65.1386
ACWI,2021-10,65.9331
ACWI,2021-11,65.4300
ACWI,2021-12,66.1706
ACWI,2022-01,59.6639
ACWI,2022-02,58.1315
ACWI,2022-03,55.5057
ACWI,2022-04,52.2624
ACWI,2022-05,51.8614
ACWI,2022-06,54.4521
ACWI,2022-07,54.8234
ACWI,2022-08,56.6833
ACWI,2022-09,57.0828
ACWI,2022-10,56.3477
ACWI,2022-11,58.3486
ACWI,2022-12,59.1157
ACWI,2023-01,56.6760
ACWI,2023-02,56.9350
ACWI,2023-03,56.3006
ACWI,2023-04,55.4208
ACWI,2023-05,57.6820
ACWI,2023-06,61.2737
ACWI,2023-07,59.3661
ACWI,2023-08,64.0859
ACWI,2023-09,62.6707
ACWI,2023-10,63.1069
ACWI,2023-11,62.6410
ACWI,2023-12,66.2544
ACWI,2024-01,66.6505
ACWI,2024-02,64.5267
ACWI,2024-03,63.0402
ACWI,2024-04,62.2198
ACWI,2024-05,65.6579
ACWI,2024-06,65.4950
ACWI,2024-07,65.5130
ACWI,2024-08,60.5628
ACWI,2024-09,58.6085
ACWI,2024-10,56.4805
ACWI,2024-11,59.5168
ACWI,2024-12,58.0571
ACWI,2025-01,65.6815
ACWI,2025-02,66.2792
ACWI,2025-03,64.3676
ACWI,2025-04,65.9267
ACWI,2025-05,64.5655
ACWI,2025-06,60.9978
ACWI,2025-07,62.4439
ACWI,2025-08,59.0092
ACWI,2025-09,58.1770
ACWI,2025-10,58.0024
ACWI,2025-11,58.9766
ACWI,2025-12,57.8403
ACWI,2026-01,61.1785
ACWI,2026-02,64.3051
ACWI,2026-03,63.2005
ACWI,2026-04,63.9049
ACWI,2026-05,62.5405
ACWI,2026-06,61.9812
ACWI,2026-07,61.7281
ACWI,2026-08,62.0712
ACWI,2026-09,64.7320
AGG,2015-01,110.0000
AGG,2015-02,110.6546
AGG,2015-03,112.1731
AGG,2015-04,110.5136
AGG,2015-05,108.9246
AGG,2015-06,112.1600
AGG,2015-07,114.3767
AGG,2015-08,112.6299
AGG,2015-09,114.1510
AGG,2015-10,114.3910
AGG,2015-11,113.2833
AGG,2015-12,113.4574
AGG,2016-01,114.4530
AGG,2016-02,116.8719
AGG,2016-03,114.7913
AGG,2016-04,117.2853
AGG,2016-05,118.1366
AGG,2016-06,116.6356
AGG,2016-07,117.8519
AGG,2016-08,119.9579
AGG,2016-09,118.6488
AGG,2016-10,119.3987
AGG,2016-11,121.0036
AGG,2016-12,121.3601
AGG,2017-01,121.9476
AGG,2017-02,120.0637
AGG,2017-03,121.4313
AGG,2017-04,121.9783
AGG,2017-05,122.1907
AGG,2017-06,122.4297
AGG,2017-07,122.8310
AGG,2017-08,122.0875
AGG,2017-09,122.7152
AGG,2017-10,123.2517
AGG,2017-11,122.7989
AGG,2017-12,123.6511
AGG,2018-01,123.0432
AGG,2018-02,127.5452
AGG,2018-03,128.3185
AGG,2018-04,130.0105
AGG,2018-05,130.0713
AGG,2018-06,132.0509
AGG,2018-07,129.9296
AGG,2018-08,129.7578
AGG,2018-09,128.6452
AGG,2018-10,127.4142
AGG,2018-11,128.3496
AGG,2018-12,125.4257
AGG,2019-01,123.5984
AGG,2019-02,123.8302
AGG,2019-03,123.3187
AGG,2019-04,123.9420
AGG,2019-05,125.1910
AGG,2019-06,124.2994
AGG,2019-07,123.8235
AGG,2019-08,124.5873
AGG,2019-09,123.4631
AGG,2019-10,121.5720
AGG,2019-11,121.1657
AGG,2019-12,120.5034
AGG,2020-01,118.8977
AGG,2020-02,116.9459
AGG,2020-03,117.4025
AGG,2020-04,118.4653
AGG,2020-05,118.6112
AGG,2020-06,118.4678
AGG,2020-07,120.6298
AGG,2020-08,121.2688
AGG,2020-09,119.6010
AGG,2020-10,118.8165
AGG,2020-11,119.7268
AGG,2020-12,120.2939
AGG,2021-01,120.1010
AGG,2021-02,118.1222
AGG,2021-03,121.0085
AGG,2021-04,120.9797
AGG,2021-05,120.9921
AGG,2021-06,121.9318
AGG,2021-07,123.3915
AGG,2021-08,124.4370
AGG,2021-09,123.7810
AGG,2021-10,125.1860
AGG,2021-11,127.9914
AGG,2021-12,129.6251
AGG,2022-01,127.6154
AGG,2022-02,130.0836
AGG,2022-03,130.3564
AGG,2022-04,133.6870
AGG,2022-05,133.2302
AGG,2022-06,136.3777
AGG,2022-07,135.6065
AGG,2022-08,133.3379
AGG,2022-09,135.6474
AGG,2022-10,134.9178
AGG,2022-11,138.0576
AGG,2022-12,139.6549
AGG,2023-01,137.9966
AGG,2023-02,141.0582
AGG,2023-03,143.9474
AGG,2023-04,143.2089
AGG,2023-05,142.0956
AGG,2023-06,142.3335
AGG,2023-07,142.0682
AGG,2023-08,144.6368
AGG,2023-09,145.1094
AGG,2023-10,145.2029
AGG,2023-11,145.3026
AGG,2023-12,146.5020
AGG,2024-01,146.9393
AGG,2024-02,148.4804
AGG,2024-03,146.5085
AGG,2024-04,146.4114
AGG,2024-05,146.9268
AGG,2024-06,148.8734
AGG,2024-07,149.2134
AGG,2024-08,148.3370
AGG,2024-09,146.5537
AGG,2024-10,145.0746
AGG,2024-11,142.8227
AGG,2024-12,141.6581
AGG,2025-01,144.0861
AGG,2025-02,142.0978
AGG,2025-03,140.1084
AGG,2025-04,141.7229
AGG,2025-05,143.1071
AGG,2025-06,144.6764
AGG,2025-07,144.8112
AGG,2025-08,142.5713
AGG,2025-09,142.0185
AGG,2025-10,142.2831
AGG,2025-11,142.2765
AGG,2025-12,140.2975
AGG,2026-01,142.4169
AGG,2026-02,145.7025
AGG,2026-03,144.7753
AGG,2026-04,144.3911
AGG,2026-05,145.1317
AGG,2026-06,144.7421
AGG,2026-07,147.3593
AGG,2026-08,145.7649
AGG,2026-09,145.4670
